3,2,1
IMG3473_3,IMG3375_4,IMG3985_2
IMG4092_5,IMG3475_5,IMG3230_2
IMG3510_5,IMG3018_5,IMG3075_4
IMG3901_1,IMG2957_1,IMG3726_3
IMG3093_5,IMG3826_4,IMG3522_4
IMG3545_3,IMG3265_1,IMG2832_5
IMG3794_3,IMG2838_5,IMG3741_2
IMG3584_5,IMG4195_2,IMG3518_1
IMG2815_1,IMG3725_5,IMG2936_3
IMG3785_5,IMG3217_1,IMG2842_1
IMG3281_5,IMG4178_3,IMG3168_5
IMG2924_2,IMG3935_1,IMG3325_3
IMG2900_4,IMG2821_5,IMG3847_2
IMG3043_1,IMG3683_2,IMG4176_1
IMG3941_1,IMG2963_1,IMG4026_5
IMG3796_5,IMG3197_4,IMG3699_2
IMG3661_4,IMG3530_2,IMG3375_1
IMG3689_4,IMG3490_3,IMG3357_1
IMG3677_1,IMG2844_1,IMG3769_4
IMG3307_5,IMG3500_4,IMG3621_5
IMG2759_1,IMG4020_5,IMG3128_5
IMG4101_3,IMG3044_3,IMG4143_2
IMG3850_5,IMG2947_1,IMG3367_3
IMG3786_3,IMG3266_5,IMG3426_4
IMG3505_2,IMG2928_1,IMG3589_5
IMG2805_1,IMG3724_3,IMG2878_3
IMG3648_1,IMG3114_2,IMG3756_2
IMG3425_2,IMG3271_4,IMG3078_5
IMG3064_3,IMG3913_5,IMG3143_3
IMG3938_4,IMG3217_4,IMG3701_4
IMG3545_4,IMG4111_5,IMG3837_4
IMG3758_1,IMG2943_3,IMG3260_5
IMG4166_1,IMG2899_3,IMG2900_2
IMG3434_1,IMG2874_5,IMG3761_4
IMG4046_1,IMG3368_2,IMG3915_4
IMG3300_4,IMG4171_5,IMG3614_4
IMG2830_1,IMG3533_3,IMG2830_5
IMG3659_3,IMG3750_5,IMG3962_1
IMG3586_2,IMG2851_4,IMG2786_2
IMG3354_1,IMG3855_3,IMG4223_1
IMG3866_1,IMG3509_4,IMG3804_1
IMG3635_4,IMG3421_3,IMG3330_1
IMG3624_1,IMG2860_2,IMG2771_4
IMG3016_2,IMG4143_3,IMG3382_2
IMG4207_4,IMG3596_1,IMG3363_2
IMG2914_4,IMG2978_5,IMG2914_5
IMG3210_1,IMG3489_2,IMG3516_1
IMG3544_5,IMG3916_2,IMG3698_3
IMG4239_4,IMG3761_1,IMG2759_1
IMG4015_4,IMG3644_3,IMG4194_4
IMG2757_3,IMG3712_4,IMG3797_2
IMG3840_5,IMG3405_5,IMG2835_2
IMG3056_3,IMG2860_4,IMG4166_3
IMG3194_5,IMG2865_3,IMG3115_5
IMG3105_4,IMG2763_5,IMG3765_3
IMG3656_1,IMG3549_5,IMG3485_2
IMG3116_4,IMG3561_5,IMG4118_1
IMG3798_5,IMG3811_4,IMG3872_2
IMG3430_5,IMG3276_5,IMG3107_1
IMG4216_5,IMG4216_4,IMG3573_3
IMG3533_3,IMG3147_3,IMG3114_2
IMG3430_2,IMG2910_5,IMG2898_4
IMG3223_2,IMG3050_2,IMG3962_2
IMG3754_5,IMG4076_3,IMG3694_2
IMG4199_2,IMG3747_2,IMG3498_3
IMG3839_5,IMG3539_5,IMG4230_3
IMG3197_3,IMG3015_5,IMG3259_1
IMG3146_5,IMG4146_2,IMG3728_2
IMG4138_2,IMG4218_3,IMG3043_4
IMG4033_4,IMG4093_1,IMG2941_3
IMG3527_1,IMG3904_4,IMG3244_5
IMG3668_1,IMG2989_4,IMG4207_5
IMG4008_1,IMG3735_4,IMG3084_5
IMG4115_3,IMG3988_2,IMG3906_3
IMG3580_3,IMG3197_4,IMG3197_2
IMG3668_4,IMG3712_5,IMG3083_2
IMG3749_2,IMG3006_2,IMG3623_3
IMG4071_2,IMG4006_2,IMG4160_1
IMG4013_2,IMG2943_1,IMG3575_5
IMG2879_4,IMG3889_3,IMG3697_5
IMG3672_2,IMG3434_4,IMG3447_5
IMG4157_1,IMG3085_1,IMG3545_4
IMG3661_4,IMG3361_5,IMG2817_2
IMG3191_1,IMG2886_5,IMG3228_5
IMG3697_1,IMG3766_5,IMG3728_5
IMG3604_2,IMG4209_2,IMG3526_2
IMG3325_3,IMG2924_2,IMG3763_3
IMG3358_2,IMG3783_1,IMG2911_1
IMG3501_5,IMG3593_2,IMG3134_1
IMG3766_4,IMG3048_4,IMG4142_3
IMG2747_5,IMG2978_2,IMG2747_1
IMG3428_3,IMG3662_5,IMG3038_4
IMG3940_5,IMG3744_2,IMG3199_2
IMG2836_1,IMG2844_5,IMG3044_1
IMG3987_4,IMG3052_3,IMG3643_1
IMG3624_5,IMG4213_5,IMG3095_4
IMG4038_4,IMG3711_2,IMG3722_5
IMG4224_4,IMG3118_2,IMG2791_5
IMG3345_5,IMG2763_4,IMG2931_5
IMG3307_5,IMG3621_5,IMG3840_2
IMG3881_4,IMG4177_4,IMG3252_4
IMG4055_4,IMG3336_5,IMG3734_2
IMG2774_5,IMG3265_2,IMG2759_5
IMG3596_1,IMG3943_5,IMG3818_3
IMG3165_2,IMG4182_5,IMG3638_4
IMG2851_1,IMG3964_3,IMG2801_5
IMG3140_1,IMG3189_4,IMG2945_2
IMG3807_5,IMG3706_4,IMG3794_4
IMG4186_3,IMG3052_2,IMG3390_3
IMG3835_2,IMG4188_4,IMG3471_5
IMG3217_4,IMG3126_4,IMG3766_2
IMG2819_2,IMG3159_5,IMG2901_1
IMG3410_1,IMG4110_2,IMG3524_5
IMG3026_4,IMG3609_2,IMG3125_1
IMG3997_1,IMG4187_3,IMG3200_2
IMG3491_5,IMG3850_5,IMG3674_4
IMG3702_4,IMG2796_1,IMG3396_5
IMG3715_1,IMG4112_3,IMG2937_5
IMG3754_1,IMG3794_5,IMG3816_3
IMG2803_1,IMG3815_2,IMG3745_5
IMG4039_4,IMG3267_3,IMG3419_1
IMG4050_2,IMG3592_3,IMG3702_5
IMG4021_3,IMG3595_3,IMG3001_2
IMG2914_5,IMG3898_3,IMG3898_4
IMG3292_3,IMG3325_3,IMG4176_2
IMG4011_1,IMG3869_5,IMG3202_2
IMG2867_5,IMG3715_4,IMG4211_1
IMG3704_3,IMG3414_2,IMG3099_2
IMG2824_1,IMG2992_1,IMG3187_5
IMG3544_5,IMG4131_1,IMG2895_2
IMG3470_4,IMG3835_2,IMG2881_2
IMG4164_5,IMG2754_5,IMG3321_4
IMG3932_1,IMG3934_2,IMG3919_4
IMG3540_4,IMG3204_5,IMG3110_1
IMG3983_4,IMG3214_2,IMG3992_1
IMG2881_4,IMG3503_1,IMG2750_2
IMG3810_2,IMG3565_4,IMG3029_2
IMG2914_3,IMG3035_2,IMG4062_1
IMG2865_2,IMG3684_5,IMG4103_1
IMG3929_4,IMG2898_4,IMG3963_4
IMG3347_4,IMG3598_5,IMG3229_2
IMG3605_3,IMG3605_4,IMG3138_1
IMG4225_1,IMG3821_5,IMG4040_5
IMG3551_4,IMG4095_4,IMG3805_2
IMG3808_2,IMG3939_3,IMG3048_1
IMG3663_1,IMG2948_3,IMG3984_4
IMG3856_1,IMG4048_1,IMG3844_3
IMG3130_5,IMG3027_2,IMG3353_3
IMG3004_1,IMG3268_3,IMG3761_1
IMG3797_1,IMG3162_4,IMG2958_4
IMG4040_5,IMG3205_2,IMG3628_5
IMG2802_2,IMG3591_2,IMG3654_5
IMG3824_3,IMG3817_2,IMG3980_4
IMG3685_5,IMG3874_5,IMG2926_3
IMG3264_2,IMG4166_1,IMG4210_5
IMG3967_1,IMG3916_1,IMG3020_1
IMG3625_2,IMG4001_2,IMG4152_4
IMG3457_4,IMG3586_4,IMG3377_2
IMG3790_4,IMG3547_1,IMG3303_3
IMG3113_4,IMG3055_1,IMG3316_1
IMG3345_2,IMG4169_3,IMG4236_2
IMG3283_5,IMG3086_5,IMG3754_4
IMG3316_4,IMG4234_5,IMG3002_3
IMG2876_4,IMG3786_4,IMG3306_3
IMG3071_1,IMG3406_5,IMG3949_2
IMG2941_3,IMG3605_4,IMG4041_2
IMG3000_5,IMG3874_2,IMG3536_5
IMG3103_3,IMG3178_2,IMG2748_2
IMG3001_3,IMG4127_3,IMG3855_3
IMG4113_3,IMG4212_3,IMG3249_5
IMG2860_4,IMG3554_5,IMG3864_2
IMG3862_2,IMG2791_3,IMG3820_1
IMG4140_4,IMG3471_3,IMG2791_4
IMG4109_5,IMG3534_4,IMG4080_5
IMG3429_3,IMG3803_4,IMG3038_5
IMG3122_2,IMG3548_3,IMG3375_3
IMG3442_4,IMG3375_5,IMG2817_4
IMG3942_1,IMG3014_2,IMG4243_1
IMG3802_3,IMG2764_5,IMG3766_2
IMG3645_4,IMG3529_3,IMG4103_1
IMG3559_1,IMG2896_5,IMG3204_4
IMG3816_5,IMG3356_5,IMG3252_4
IMG3414_3,IMG3717_5,IMG3923_1
IMG3949_5,IMG3997_3,IMG3577_3
IMG2989_5,IMG3495_1,IMG3718_1
IMG3836_4,IMG2765_4,IMG3439_2
IMG4220_4,IMG2832_5,IMG3931_3
IMG3177_4,IMG3155_1,IMG3338_1
IMG3103_4,IMG3729_1,IMG2813_1
IMG3189_5,IMG3152_3,IMG3918_2
IMG3139_5,IMG3011_3,IMG3498_2
IMG3025_2,IMG3894_4,IMG3025_1
IMG3816_3,IMG3787_5,IMG3794_5
IMG3503_4,IMG3996_5,IMG3503_1
IMG4234_2,IMG3058_1,IMG3584_4
IMG3906_4,IMG3922_5,IMG3347_2
IMG3344_3,IMG3005_3,IMG2847_2
IMG2767_1,IMG3020_3,IMG3510_2
IMG3573_5,IMG3293_2,IMG3076_3
IMG3787_1,IMG2968_3,IMG3900_4
IMG3472_4,IMG3619_2,IMG3895_1
IMG4005_1,IMG3728_3,IMG3535_4
IMG3243_1,IMG3311_3,IMG3016_2
IMG4234_1,IMG3164_1,IMG3791_1
IMG4243_1,IMG4019_5,IMG3439_2
IMG3523_2,IMG3209_3,IMG2817_4
IMG2895_1,IMG3860_2,IMG3500_4
IMG3605_4,IMG3138_1,IMG3459_5
IMG3909_1,IMG2773_4,IMG3318_3
IMG2932_5,IMG2940_4,IMG2932_4
IMG3506_4,IMG2935_1,IMG3685_3
IMG3700_5,IMG2931_3,IMG3294_5
IMG3935_5,IMG3855_3,IMG3327_5
IMG4146_1,IMG3632_1,IMG3671_3
IMG3206_5,IMG3317_3,IMG2782_3
IMG2774_5,IMG4074_3,IMG3327_4
IMG3017_3,IMG3467_5,IMG2871_1
IMG3415_5,IMG3768_4,IMG3993_2
IMG3225_1,IMG3370_2,IMG4118_1
IMG3688_2,IMG3328_1,IMG3952_1
IMG3412_1,IMG2862_1,IMG2834_1
IMG3605_4,IMG3605_1,IMG3804_3
IMG2894_1,IMG2763_2,IMG3308_4
IMG3373_2,IMG3937_1,IMG4055_3
IMG2874_5,IMG4183_4,IMG2913_5
IMG2939_1,IMG3285_4,IMG4044_5
IMG3901_1,IMG2957_1,IMG3726_3
IMG3950_3,IMG2897_4,IMG4075_5
IMG3367_2,IMG3602_2,IMG3099_5
IMG3963_1,IMG4234_3,IMG4019_1
IMG3967_3,IMG4127_4,IMG2874_3
IMG2756_2,IMG3223_5,IMG3835_2
IMG3760_1,IMG2945_4,IMG4227_2
IMG3816_3,IMG2917_5,IMG3788_5
IMG3312_2,IMG3911_4,IMG4186_5
IMG3898_1,IMG2914_3,IMG3875_3
IMG3596_4,IMG4059_3,IMG2875_2
IMG3930_5,IMG3999_1,IMG3876_1
IMG3152_3,IMG2962_4,IMG3152_4
IMG2931_5,IMG3098_5,IMG3956_2
IMG3107_4,IMG3430_4,IMG3430_5
IMG3047_1,IMG4203_5,IMG3122_1
IMG3338_5,IMG3969_3,IMG3971_1
IMG3038_2,IMG2929_3,IMG3295_2
IMG3263_1,IMG4029_5,IMG3464_3
IMG3744_4,IMG4164_5,IMG2761_2
IMG3650_4,IMG4200_2,IMG3650_3
IMG3514_3,IMG3472_2,IMG3895_1
IMG2860_3,IMG3554_3,IMG3906_3
IMG3796_2,IMG3750_1,IMG3796_3
IMG4203_4,IMG3044_2,IMG2989_4
IMG3069_5,IMG3069_1,IMG3950_5
IMG3805_2,IMG3324_3,IMG3500_3
IMG3053_2,IMG3172_3,IMG4218_3
IMG3274_3,IMG3147_3,IMG3715_4
IMG4178_3,IMG3168_4,IMG3168_5
IMG3287_2,IMG3900_2,IMG4032_1
IMG2773_3,IMG2824_2,IMG3187_2
IMG3516_3,IMG3805_5,IMG3607_4
IMG3668_4,IMG2753_2,IMG2825_5
IMG3193_5,IMG3583_3,IMG3233_3
IMG3575_3,IMG3843_4,IMG3430_1
IMG2869_4,IMG3581_1,IMG3969_3
IMG3349_1,IMG2843_4,IMG2778_3
IMG3287_1,IMG3741_4,IMG2899_3
IMG3172_4,IMG4082_3,IMG3344_2
IMG2907_1,IMG3723_2,IMG4162_2
IMG4077_2,IMG4240_1,IMG3856_1
IMG3587_5,IMG2744_1,IMG2773_4
IMG3065_5,IMG3076_3,IMG3409_1
IMG3130_1,IMG3497_2,IMG3027_3
IMG3201_5,IMG3882_1,IMG3369_5
IMG3029_5,IMG3356_2,IMG3326_3
IMG2893_4,IMG2825_5,IMG3668_4
IMG3551_4,IMG4095_4,IMG3780_1
IMG3261_5,IMG3073_5,IMG3519_5
IMG4035_2,IMG3856_1,IMG4048_1
IMG3835_2,IMG3827_4,IMG3527_1
IMG3305_4,IMG2856_4,IMG3479_5
IMG3107_1,IMG2903_3,IMG3430_5
IMG3899_1,IMG4035_1,IMG3856_5
IMG4005_4,IMG4135_1,IMG3888_5
IMG4073_4,IMG4084_3,IMG3542_4
IMG3679_4,IMG2764_5,IMG4067_2
IMG3586_4,IMG3457_4,IMG4096_4
IMG3844_3,IMG3697_3,IMG2879_4
IMG3406_4,IMG3434_1,IMG3684_1
IMG3334_2,IMG3372_3,IMG3076_1
IMG3226_3,IMG3660_1,IMG4029_5
IMG3018_5,IMG3510_5,IMG3450_4
IMG3711_2,IMG3156_5,IMG3156_1
IMG3615_1,IMG3828_1,IMG4069_2
IMG3911_4,IMG3276_5,IMG4186_5
IMG3354_1,IMG3463_4,IMG3393_1
IMG3589_1,IMG4151_3,IMG3310_5
IMG3887_3,IMG4223_2,IMG3469_1
IMG2775_5,IMG2756_3,IMG2812_3
IMG2961_5,IMG3067_4,IMG3493_2
IMG3527_5,IMG3118_3,IMG4224_5
IMG3749_3,IMG3319_5,IMG3319_3
IMG4111_1,IMG3203_2,IMG3599_1
IMG3657_3,IMG3142_5,IMG3380_5
IMG3927_2,IMG3140_2,IMG3173_1
IMG4152_1,IMG3128_1,IMG3055_3
IMG3647_4,IMG4039_5,IMG4078_1
IMG3699_2,IMG3623_3,IMG2774_3
IMG3530_4,IMG2973_3,IMG3439_2
IMG3976_1,IMG2870_5,IMG3835_2
IMG3406_3,IMG3460_1,IMG3577_2
IMG3934_4,IMG3868_5,IMG3055_3
IMG3296_3,IMG3306_2,IMG4177_4
IMG3865_1,IMG2930_3,IMG3381_1
IMG2790_5,IMG3983_2,IMG3219_3
IMG3075_2,IMG3924_2,IMG3069_2
IMG3668_3,IMG3361_2,IMG2946_5
IMG3011_2,IMG3208_5,IMG3479_5
IMG3166_2,IMG4108_2,IMG3286_3
IMG4090_1,IMG3019_1,IMG3843_1
IMG4070_2,IMG3936_4,IMG3269_4
IMG3407_2,IMG4106_2,IMG3498_4
IMG3128_5,IMG3740_2,IMG3439_2
IMG3517_3,IMG2946_3,IMG3052_4
IMG3544_5,IMG2887_3,IMG3215_4
IMG3533_3,IMG3161_1,IMG3114_2
IMG3161_1,IMG3417_5,IMG3409_4
IMG3566_5,IMG3865_1,IMG3296_1
IMG3219_2,IMG3057_2,IMG3123_4
IMG3174_1,IMG3699_2,IMG3409_5
IMG3967_4,IMG2804_4,IMG3949_4
IMG3598_4,IMG3786_3,IMG3909_4
IMG2802_1,IMG2803_1,IMG3166_3
IMG3586_4,IMG4096_3,IMG3457_4
IMG3315_4,IMG3224_2,IMG3329_1
IMG3939_5,IMG4210_3,IMG4022_2
IMG4234_5,IMG4039_4,IMG3316_4
IMG2860_3,IMG3235_3,IMG3554_3
IMG2960_1,IMG2890_5,IMG3144_5
IMG2855_2,IMG4195_3,IMG3842_2
IMG3283_4,IMG4181_2,IMG3283_5
IMG3651_1,IMG4080_4,IMG3200_2
IMG4228_3,IMG3782_4,IMG4212_3
IMG3146_3,IMG3307_5,IMG2928_1
IMG4002_1,IMG3953_3,IMG3928_5
IMG3384_4,IMG3974_3,IMG3334_2
IMG2933_5,IMG3460_1,IMG3633_1
IMG3016_3,IMG3382_4,IMG3662_2
IMG3876_3,IMG2879_1,IMG3370_1
IMG3161_5,IMG3711_2,IMG2758_3
IMG3642_2,IMG3046_1,IMG3046_2
IMG3872_1,IMG4092_4,IMG3230_3
IMG3567_4,IMG4180_3,IMG2928_4
IMG4003_4,IMG3904_4,IMG2834_1
IMG3586_2,IMG2786_2,IMG4096_5
IMG3422_2,IMG3464_4,IMG3263_1
IMG4125_3,IMG3672_3,IMG3127_2
IMG3082_3,IMG3625_2,IMG4186_5
IMG2900_2,IMG3531_1,IMG3187_2
IMG4061_3,IMG3805_5,IMG3702_1
IMG3657_3,IMG2853_3,IMG3595_5
IMG4219_3,IMG3178_1,IMG3402_3
IMG3123_1,IMG4193_2,IMG3801_1
IMG3873_3,IMG2760_3,IMG3643_3
IMG3556_5,IMG4239_2,IMG3460_1
IMG3997_5,IMG3406_2,IMG3200_4
IMG3579_4,IMG3669_3,IMG3309_5
IMG3966_1,IMG3224_3,IMG3346_3
IMG3775_4,IMG3711_3,IMG3393_4
IMG4185_1,IMG3201_5,IMG3984_2
IMG4028_3,IMG3058_1,IMG3639_4
IMG3950_5,IMG3540_2,IMG3572_2
IMG3097_5,IMG3848_1,IMG3699_2
IMG3583_1,IMG3760_5,IMG4227_1
IMG4023_2,IMG3708_5,IMG3038_2
IMG2911_4,IMG3171_1,IMG2975_2
IMG3264_3,IMG3991_2,IMG2828_3
IMG3568_2,IMG4183_4,IMG4066_5
IMG3592_2,IMG3780_4,IMG3117_5
IMG4107_2,IMG3811_1,IMG3063_5
IMG3687_2,IMG3687_1,IMG3308_2
IMG3613_4,IMG2845_5,IMG2763_3
IMG2799_2,IMG3408_2,IMG3645_2
IMG3920_4,IMG4155_2,IMG4053_1
IMG2763_5,IMG4043_1,IMG4081_1
IMG2827_2,IMG3767_2,IMG3947_2
IMG3121_4,IMG3537_2,IMG4003_2
IMG3749_2,IMG3351_3,IMG3683_2
IMG3347_4,IMG3269_1,IMG3229_2
IMG3667_4,IMG3969_2,IMG3338_1
IMG3961_1,IMG3013_5,IMG3945_3
IMG3668_1,IMG3260_5,IMG3933_2
IMG3364_3,IMG3187_4,IMG3706_2
IMG4222_3,IMG3959_1,IMG3973_3
IMG3038_4,IMG3295_4,IMG4059_3
IMG3802_5,IMG3960_3,IMG3614_4
IMG3428_3,IMG3842_3,IMG4200_1
IMG3828_1,IMG3963_3,IMG2999_1
IMG2760_3,IMG3390_3,IMG4207_4
IMG3097_1,IMG3217_4,IMG3844_4
IMG3694_3,IMG3541_3,IMG3240_1
IMG4239_5,IMG3581_4,IMG4239_4
IMG4031_1,IMG2790_5,IMG3839_3
IMG3565_5,IMG3229_2,IMG4135_1
IMG3437_2,IMG3722_2,IMG3161_5
IMG4010_1,IMG2867_5,IMG3135_4
IMG3108_2,IMG4193_3,IMG3763_2
IMG3503_1,IMG2881_4,IMG2750_2
IMG3521_5,IMG3131_1,IMG4046_4
IMG3127_2,IMG3784_5,IMG3672_3
IMG3690_2,IMG3146_3,IMG4112_5
IMG3128_1,IMG3092_2,IMG4065_3
IMG3361_1,IMG3060_5,IMG4094_4
IMG3210_5,IMG3348_1,IMG2901_1
IMG2910_5,IMG3734_2,IMG3943_3
IMG4052_5,IMG3574_5,IMG3955_2
IMG2928_5,IMG3340_5,IMG3146_1
IMG3465_4,IMG3714_1,IMG3847_2
IMG2929_3,IMG3430_4,IMG3363_2
IMG4048_3,IMG2814_2,IMG3171_1
IMG3414_2,IMG4036_1,IMG4156_4
IMG3583_3,IMG3037_3,IMG3365_1
IMG4087_5,IMG3605_4,IMG3138_1
IMG3718_1,IMG3530_4,IMG3113_4
IMG3303_3,IMG2838_5,IMG3479_5
IMG3664_5,IMG3931_3,IMG4220_4
IMG2906_3,IMG4146_1,IMG3698_3
IMG3098_1,IMG3128_3,IMG2763_4
IMG3632_5,IMG3735_1,IMG3109_1
IMG2758_1,IMG3179_3,IMG3393_5
IMG3789_4,IMG3789_3,IMG3046_2
IMG3512_4,IMG3908_3,IMG4097_1
IMG3956_4,IMG3113_4,IMG3509_4
IMG3214_2,IMG3115_5,IMG3157_3
IMG3028_3,IMG2924_4,IMG2895_4
IMG3553_4,IMG3243_2,IMG4229_3
IMG3574_1,IMG3574_5,IMG4200_2
IMG3813_3,IMG3301_5,IMG3373_1
IMG3736_4,IMG4042_1,IMG3070_4
IMG3739_3,IMG3670_3,IMG2959_4
IMG3035_2,IMG4062_2,IMG3875_1
IMG4120_2,IMG4073_4,IMG3939_3
IMG3826_5,IMG3522_5,IMG2942_4
IMG4112_5,IMG3241_4,IMG2937_2
IMG2860_5,IMG3264_1,IMG4208_3
IMG3211_4,IMG3045_5,IMG3833_2
IMG3268_3,IMG3870_2,IMG3085_2
IMG4061_4,IMG3593_4,IMG3386_2
IMG4143_1,IMG3647_4,IMG3363_4
IMG4117_3,IMG3984_3,IMG3025_3
IMG2897_5,IMG3793_5,IMG4150_1
IMG4070_1,IMG3597_5,IMG3269_2
IMG3652_5,IMG2901_3,IMG3307_5
IMG3274_5,IMG4038_3,IMG2911_5
IMG4104_4,IMG3140_3,IMG3987_5
IMG2959_5,IMG3784_2,IMG3752_1
IMG3616_3,IMG3233_5,IMG3031_3
IMG3003_4,IMG3080_1,IMG3870_5
IMG3525_4,IMG3274_4,IMG3437_3
IMG3245_5,IMG3984_4,IMG3060_2
IMG4133_4,IMG4222_3,IMG3837_3
IMG3585_4,IMG3089_1,IMG2778_3
IMG3798_5,IMG3599_1,IMG3600_1
IMG3204_5,IMG3485_1,IMG3716_5
IMG3121_4,IMG3285_5,IMG4106_2
IMG3664_4,IMG3308_2,IMG3893_1
IMG3554_3,IMG3786_3,IMG3235_3
IMG3916_1,IMG3683_4,IMG3772_5
IMG3195_2,IMG2956_3,IMG3910_4
IMG3283_1,IMG3051_1,IMG3425_2
IMG3401_5,IMG3769_1,IMG3886_2
IMG2841_2,IMG3695_5,IMG3873_5
IMG3004_1,IMG3097_2,IMG3916_4
IMG2782_3,IMG3188_5,IMG3081_4
IMG3901_1,IMG3183_1,IMG2957_1
IMG3279_2,IMG3349_5,IMG3342_2
IMG3076_4,IMG3848_1,IMG4133_4
IMG3590_4,IMG4078_2,IMG3828_2
IMG3432_5,IMG4154_1,IMG3282_2
IMG3253_2,IMG4193_3,IMG3108_2
IMG3390_3,IMG3643_3,IMG3677_1
IMG4170_3,IMG3968_1,IMG3249_3
IMG2863_3,IMG4070_3,IMG2783_5
IMG3421_1,IMG3635_3,IMG3620_3
IMG3699_2,IMG4211_2,IMG3409_5
IMG2765_4,IMG3004_3,IMG3109_4
IMG3379_4,IMG4084_5,IMG3958_4
IMG4077_1,IMG3899_1,IMG3103_3
IMG3917_4,IMG4004_3,IMG3996_1
IMG3672_3,IMG3577_2,IMG3549_3
IMG3291_1,IMG3873_3,IMG3360_2
IMG3390_2,IMG3873_4,IMG4141_5
IMG4104_5,IMG4053_4,IMG3052_4
IMG3877_1,IMG4228_2,IMG3392_1
IMG3535_2,IMG4138_3,IMG3409_4
IMG2786_2,IMG2851_4,IMG3586_2
IMG3518_2,IMG3059_3,IMG3202_1
IMG3576_5,IMG3175_4,IMG3332_1
IMG4069_4,IMG3120_1,IMG4234_3
IMG2927_4,IMG3144_3,IMG2753_3
IMG3271_4,IMG3126_4,IMG3887_4
IMG3287_4,IMG3178_1,IMG2975_4
IMG2768_2,IMG3936_2,IMG3531_3
IMG3619_4,IMG2897_1,IMG2794_4
IMG3012_5,IMG4207_2,IMG3224_3
IMG2992_5,IMG2992_1,IMG2905_3
IMG3875_1,IMG3035_2,IMG3898_5
IMG3726_3,IMG2957_1,IMG3901_1
IMG3869_4,IMG3748_4,IMG3740_4
IMG3729_3,IMG3657_3,IMG2811_5
IMG3108_1,IMG3313_1,IMG3005_5
IMG2913_1,IMG3401_2,IMG2800_1
IMG3055_1,IMG3019_5,IMG3084_1
IMG3983_4,IMG2799_2,IMG4129_2
IMG4238_5,IMG3845_2,IMG4084_4
IMG3351_3,IMG2761_2,IMG3749_2
IMG3003_2,IMG3772_5,IMG3068_2
IMG4213_3,IMG3728_3,IMG3888_1
IMG3582_2,IMG3249_1,IMG3369_2
IMG3123_3,IMG3633_1,IMG3805_5
IMG3108_2,IMG3265_5,IMG3253_2
IMG2812_1,IMG2995_5,IMG3344_1
IMG2828_3,IMG3991_2,IMG3264_3
IMG4185_2,IMG3666_2,IMG3025_1
IMG3905_3,IMG2957_5,IMG3901_1
IMG3089_1,IMG3284_5,IMG3395_3
IMG3426_2,IMG3377_4,IMG3046_4
IMG3172_3,IMG4218_3,IMG3301_5
IMG3051_2,IMG3283_1,IMG3051_5
IMG3619_2,IMG3749_2,IMG3623_3
IMG3889_4,IMG3970_5,IMG3785_4
IMG3529_1,IMG3645_2,IMG3167_1
IMG3754_3,IMG3111_4,IMG3917_2
IMG2928_3,IMG2771_3,IMG3735_4
IMG3629_4,IMG4173_2,IMG4173_4
IMG2986_1,IMG3820_4,IMG3699_2
IMG4174_5,IMG3200_2,IMG3253_4
IMG3243_1,IMG4072_2,IMG3548_2
IMG2956_3,IMG4121_4,IMG3910_4
IMG3771_4,IMG3017_1,IMG3241_4
IMG3542_1,IMG2921_4,IMG2990_4
IMG2802_1,IMG3719_1,IMG3375_4
IMG2761_2,IMG4008_1,IMG2758_3
IMG3410_2,IMG4153_2,IMG3954_5
IMG4180_3,IMG2871_3,IMG3393_1
IMG3805_5,IMG4050_5,IMG3592_1
IMG3880_3,IMG3758_1,IMG3628_5
IMG4010_5,IMG3425_2,IMG3937_5
IMG3201_2,IMG3897_2,IMG3466_5
IMG3115_2,IMG3042_2,IMG3600_2
IMG2847_3,IMG3145_1,IMG3405_1
IMG3931_1,IMG2873_2,IMG3951_3
IMG4115_3,IMG2871_2,IMG3478_4
IMG3331_5,IMG3105_4,IMG2972_1
IMG3019_4,IMG3431_5,IMG3100_2
IMG3619_1,IMG3127_1,IMG2897_4
IMG2957_1,IMG4139_5,IMG4231_4
IMG2803_1,IMG3911_4,IMG3661_4
IMG3451_1,IMG4069_1,IMG3830_5
IMG3066_3,IMG3441_5,IMG3117_5
IMG4206_3,IMG2935_5,IMG3565_4
IMG4194_3,IMG4204_1,IMG3753_4
IMG4046_4,IMG3521_5,IMG3131_1
IMG2986_3,IMG3917_2,IMG3709_5
IMG3116_1,IMG3367_3,IMG2947_1
IMG3581_4,IMG4187_4,IMG2979_4
IMG4084_3,IMG3266_2,IMG3542_4
IMG3482_2,IMG3998_3,IMG4121_3
IMG2859_1,IMG3274_3,IMG3147_3
IMG3531_5,IMG2905_1,IMG2992_3
IMG3105_4,IMG4090_1,IMG3101_3
IMG3738_4,IMG2773_3,IMG3674_4
IMG3627_2,IMG2982_4,IMG4000_4
IMG3717_3,IMG3279_1,IMG3089_1
IMG4109_5,IMG3247_2,IMG2817_5
IMG4070_2,IMG3936_4,IMG4135_4
IMG3911_5,IMG4241_5,IMG2757_5
IMG3183_2,IMG3850_3,IMG3368_5
IMG3253_2,IMG3683_4,IMG2767_2
IMG3054_5,IMG3404_2,IMG3279_5
IMG3873_5,IMG4203_3,IMG2958_2
IMG4161_2,IMG3972_4,IMG3074_3
IMG3545_3,IMG3879_5,IMG3972_1
IMG3800_1,IMG4012_3,IMG3465_3
IMG3630_1,IMG3146_2,IMG3063_5
IMG3212_4,IMG3197_4,IMG4207_2
IMG2758_1,IMG3179_3,IMG3981_5
IMG3530_5,IMG3495_5,IMG2913_5
IMG3409_5,IMG4159_3,IMG3276_2
IMG4030_2,IMG3984_5,IMG2970_2
IMG3554_3,IMG3906_3,IMG3235_3
IMG3432_5,IMG4154_1,IMG3025_3
IMG3857_3,IMG3171_3,IMG2870_3
IMG2792_1,IMG3116_2,IMG3225_1
IMG3594_2,IMG4153_3,IMG3007_3
IMG3488_3,IMG3730_5,IMG4018_3
IMG4241_3,IMG3945_3,IMG3108_2
IMG3535_4,IMG3722_2,IMG3533_4
IMG2959_2,IMG2767_1,IMG3619_3
IMG3363_2,IMG2987_1,IMG4088_3
IMG2805_5,IMG3713_1,IMG2789_3
IMG4208_1,IMG3454_1,IMG2938_2
IMG2929_2,IMG3473_4,IMG4137_3
IMG2860_5,IMG3056_3,IMG4208_3
IMG3992_5,IMG3042_1,IMG3661_3
IMG3328_3,IMG4213_1,IMG3878_3
IMG3357_4,IMG2790_5,IMG3805_5
IMG3242_1,IMG2895_1,IMG3028_5
IMG2968_4,IMG3543_3,IMG3438_5
IMG3057_3,IMG3219_3,IMG3385_2
IMG2964_4,IMG3619_3,IMG3752_3
IMG3214_3,IMG3992_2,IMG3167_5
IMG3713_5,IMG4241_5,IMG3654_3
IMG4173_2,IMG4173_4,IMG3682_5
IMG4213_1,IMG3906_3,IMG3446_3
IMG3679_4,IMG3283_1,IMG3586_5
IMG3481_4,IMG3355_1,IMG3202_2
IMG3932_1,IMG3934_2,IMG3877_4
IMG3869_4,IMG3202_3,IMG3956_2
IMG3525_3,IMG3535_4,IMG2761_4
IMG3916_2,IMG3731_1,IMG3634_1
IMG3875_2,IMG3505_4,IMG4160_3
IMG3093_3,IMG3279_1,IMG4047_4
IMG3714_2,IMG3465_1,IMG2780_2
IMG2897_4,IMG3753_5,IMG3204_5
IMG3761_4,IMG3004_3,IMG4006_2
IMG3395_3,IMG3395_1,IMG2785_4
IMG2995_5,IMG3050_4,IMG3824_3
IMG3004_1,IMG2874_3,IMG3761_1
IMG3264_2,IMG3738_5,IMG3996_4
IMG3802_5,IMG3806_4,IMG3491_2
IMG2768_1,IMG3936_2,IMG2884_2
IMG3215_4,IMG2874_5,IMG3134_4
IMG4104_3,IMG3662_2,IMG2816_2
IMG3668_5,IMG3493_4,IMG3519_3
IMG4176_1,IMG3100_5,IMG4027_1
IMG2782_4,IMG3256_3,IMG3824_5
IMG3622_5,IMG3623_3,IMG4020_5
IMG3897_4,IMG4214_2,IMG4030_4
IMG3296_1,IMG2856_4,IMG3305_4
IMG3013_1,IMG3772_5,IMG3916_1
IMG3707_5,IMG2945_2,IMG3070_2
IMG2880_3,IMG3631_2,IMG4144_2
IMG3699_2,IMG2804_4,IMG3351_3
IMG3720_5,IMG3342_5,IMG3634_2
IMG3465_5,IMG3426_2,IMG2780_3
IMG3609_2,IMG3269_2,IMG3026_4
IMG4070_1,IMG3506_5,IMG4206_1
IMG4010_1,IMG4010_5,IMG3135_4
IMG4169_3,IMG3345_2,IMG4152_3
IMG3094_2,IMG3058_4,IMG3912_2
IMG3747_4,IMG4219_5,IMG3876_3
IMG3968_2,IMG3822_1,IMG3758_4
IMG4195_3,IMG3518_2,IMG3662_5
IMG3865_5,IMG2940_1,IMG3479_5
IMG3026_3,IMG2884_4,IMG3609_1
IMG3536_3,IMG2860_3,IMG2921_3
IMG3479_5,IMG3305_4,IMG4106_2
IMG3233_2,IMG3616_5,IMG3031_5
IMG3202_1,IMG3841_4,IMG3846_1
IMG3099_3,IMG3602_5,IMG4206_2
IMG3253_2,IMG3108_2,IMG4196_1
IMG3931_4,IMG3893_1,IMG2892_1
IMG2951_5,IMG3248_1,IMG3034_2
IMG4181_2,IMG4181_1,IMG3230_3
IMG3654_2,IMG3599_1,IMG3841_3
IMG2771_2,IMG4111_1,IMG2788_5
IMG3804_3,IMG2817_4,IMG4093_4
IMG3545_5,IMG3015_3,IMG2774_2
IMG2775_5,IMG3932_4,IMG3053_2
IMG2786_5,IMG2811_5,IMG4166_1
IMG3581_4,IMG2953_4,IMG3416_1
IMG3840_2,IMG2835_5,IMG3307_5
IMG3851_1,IMG3336_3,IMG3383_5
IMG3135_1,IMG4016_3,IMG3241_4
IMG3690_2,IMG4114_2,IMG3672_3
IMG3283_4,IMG4181_2,IMG4181_1
IMG3519_5,IMG2836_1,IMG3362_5
IMG4200_2,IMG2941_2,IMG3580_3
IMG4240_2,IMG2748_3,IMG3856_2
IMG2960_1,IMG3144_5,IMG2890_5
IMG2978_2,IMG3312_1,IMG3944_3
IMG3502_5,IMG3133_5,IMG2813_3
IMG3542_5,IMG3876_3,IMG3014_5
IMG4118_1,IMG3222_2,IMG3364_2
IMG2910_5,IMG2875_2,IMG4059_3
IMG3369_5,IMG4185_1,IMG3201_5
IMG4083_1,IMG3307_3,IMG4007_5
IMG2946_5,IMG3517_5,IMG4200_4
IMG3674_1,IMG3958_5,IMG3696_3
IMG4100_1,IMG4082_1,IMG3861_1
IMG3595_3,IMG3001_1,IMG3200_1
IMG3031_2,IMG3032_4,IMG3233_4
IMG3883_1,IMG3534_4,IMG2953_5
IMG2881_2,IMG3470_4,IMG4208_1
IMG4181_1,IMG3086_4,IMG4096_2
IMG3325_3,IMG3049_4,IMG3974_3
IMG3614_3,IMG2947_1,IMG2957_2
IMG3301_5,IMG2834_5,IMG4056_5
IMG3749_2,IMG2761_2,IMG3111_4
IMG3798_5,IMG3199_5,IMG3749_4
IMG3633_3,IMG3645_2,IMG3873_5
IMG4156_2,IMG2774_3,IMG3051_1
IMG3942_5,IMG3607_4,IMG4128_3
IMG4181_2,IMG3629_4,IMG3086_4
IMG3976_5,IMG2870_4,IMG3589_1
IMG4017_5,IMG3506_1,IMG3507_5
IMG3852_5,IMG4108_1,IMG2844_1
IMG3004_1,IMG3514_3,IMG3945_3
IMG3114_3,IMG3230_4,IMG3777_5
IMG3875_1,IMG3035_2,IMG2914_4
IMG3609_1,IMG3000_2,IMG2884_4
IMG3855_3,IMG3623_4,IMG2774_3
IMG2892_4,IMG3059_4,IMG4200_3
IMG4180_3,IMG3172_3,IMG3380_4
IMG3100_1,IMG3917_2,IMG3124_5
IMG4226_1,IMG2772_4,IMG4015_1
IMG3852_4,IMG3713_1,IMG4136_4
IMG3790_3,IMG3547_5,IMG3040_2
IMG3472_5,IMG3672_3,IMG4109_4
IMG2902_1,IMG3054_2,IMG3093_2
IMG3602_2,IMG3461_2,IMG3541_3
IMG3095_2,IMG4134_3,IMG3240_1
IMG3937_5,IMG3213_5,IMG3715_2
IMG3303_5,IMG3747_5,IMG3952_5
IMG3391_5,IMG4207_4,IMG4183_2
IMG3930_3,IMG3356_1,IMG3807_1
IMG2844_1,IMG3955_5,IMG4141_1
IMG3427_5,IMG4201_5,IMG3668_5
IMG3088_4,IMG2848_4,IMG3721_4
IMG3628_5,IMG4051_2,IMG2861_4
IMG3387_1,IMG4219_3,IMG3328_1
IMG3781_1,IMG3867_2,IMG3413_1
IMG3620_3,IMG3703_3,IMG3620_1
IMG4108_2,IMG3677_1,IMG3665_1
IMG4032_4,IMG3738_2,IMG4084_4
IMG2913_5,IMG4130_2,IMG3401_2
IMG3691_5,IMG2948_3,IMG4164_5
IMG3301_5,IMG2862_1,IMG3142_2
IMG3924_1,IMG4193_3,IMG3829_4
IMG3171_3,IMG3296_4,IMG3807_2
IMG4011_4,IMG2825_5,IMG3070_4
IMG4131_2,IMG3117_1,IMG3805_1
IMG3291_3,IMG3002_4,IMG3745_5
IMG2829_3,IMG2951_5,IMG3472_5
IMG2790_5,IMG3304_3,IMG4031_1
IMG3633_5,IMG3651_2,IMG3490_3
IMG2775_4,IMG4223_5,IMG3494_3
IMG3717_3,IMG3284_5,IMG3089_1
IMG2992_5,IMG2905_3,IMG2786_1
IMG3020_5,IMG3307_5,IMG3108_2
IMG4055_4,IMG3631_2,IMG3336_5
IMG3976_5,IMG2870_4,IMG2915_5
IMG3299_1,IMG3759_5,IMG3291_1
IMG3356_3,IMG3930_5,IMG3347_3
IMG3848_1,IMG3063_3,IMG3319_3
IMG3711_3,IMG2756_2,IMG4189_3
IMG3097_5,IMG3623_3,IMG3055_1
IMG2755_2,IMG3573_4,IMG3475_4
IMG2886_3,IMG3771_4,IMG4115_3
IMG4212_3,IMG3489_3,IMG3249_5
IMG3035_5,IMG3898_3,IMG2914_5
IMG4059_5,IMG3978_1,IMG3033_1
IMG3295_4,IMG4088_4,IMG3038_4
IMG3243_3,IMG4203_2,IMG3047_5
IMG3430_5,IMG3107_1,IMG3637_5
IMG4118_1,IMG3328_1,IMG3728_3
IMG2760_1,IMG3643_3,IMG3160_4
IMG3972_3,IMG3590_2,IMG3391_4
IMG3233_3,IMG3748_2,IMG2809_1
IMG3038_4,IMG3968_3,IMG3363_2
IMG2956_2,IMG4153_3,IMG4121_3
IMG3260_5,IMG3873_1,IMG3534_3
IMG3886_5,IMG2951_5,IMG2959_4
IMG2846_1,IMG2865_3,IMG3684_1
IMG3985_1,IMG3162_2,IMG3434_1
IMG4223_5,IMG3158_2,IMG2775_4
IMG3598_5,IMG3881_1,IMG2922_5
IMG3541_2,IMG3229_1,IMG3337_2
IMG3588_5,IMG3067_3,IMG3332_4
IMG4101_3,IMG3574_5,IMG3668_1
IMG2947_3,IMG3126_4,IMG2764_5
IMG2902_1,IMG3284_5,IMG3054_2
IMG4191_4,IMG3802_5,IMG3036_1
IMG3962_2,IMG3659_5,IMG3700_4
IMG3933_1,IMG3902_1,IMG3933_2
IMG4170_5,IMG3842_5,IMG2836_1
IMG3161_2,IMG3535_2,IMG3722_5
IMG3451_3,IMG4182_5,IMG2872_1
IMG3929_5,IMG2779_2,IMG4039_5
IMG3747_5,IMG2939_1,IMG3303_5
IMG3900_1,IMG3011_3,IMG3747_5
IMG2914_3,IMG4062_1,IMG3875_2
IMG3399_1,IMG4113_1,IMG3823_3
IMG3956_1,IMG3605_2,IMG3098_1
IMG2880_3,IMG4144_1,IMG3631_2
IMG2958_1,IMG3591_2,IMG2844_5
IMG3862_3,IMG3431_5,IMG3327_3
IMG3057_5,IMG3307_1,IMG3621_1
IMG3723_4,IMG3993_1,IMG4109_1
IMG3908_4,IMG3996_5,IMG3264_3
IMG3135_4,IMG3142_2,IMG3748_3
IMG4200_2,IMG3584_5,IMG3010_1
IMG3942_1,IMG3776_1,IMG4220_4
IMG3305_4,IMG3414_4,IMG2856_4
IMG4238_2,IMG4017_5,IMG4206_2
IMG3406_5,IMG3077_1,IMG3200_2
IMG3754_1,IMG3970_1,IMG4005_3
IMG3017_4,IMG3715_1,IMG3241_4
IMG3061_5,IMG4173_4,IMG3629_4
IMG3921_1,IMG3430_5,IMG3038_4
IMG4041_4,IMG2941_4,IMG3015_2
IMG4229_5,IMG3365_5,IMG3374_2
IMG3533_3,IMG3711_2,IMG2758_3
IMG3629_3,IMG3620_5,IMG3703_2
IMG3754_4,IMG3323_1,IMG3527_3
IMG2795_3,IMG3183_1,IMG2957_5
IMG2962_2,IMG3458_4,IMG2894_1
IMG3307_5,IMG3763_2,IMG3621_5
IMG4186_5,IMG3062_5,IMG4158_2
IMG3775_5,IMG3364_5,IMG3554_2
IMG4181_2,IMG3187_4,IMG2842_1
IMG3955_2,IMG4108_5,IMG2803_5
IMG2888_4,IMG3179_3,IMG3393_5
IMG3835_5,IMG3384_2,IMG3746_4
IMG3768_2,IMG3415_3,IMG3406_4
IMG3003_3,IMG4066_2,IMG4069_5
IMG3916_1,IMG3683_4,IMG2969_5
IMG2948_1,IMG3321_4,IMG3085_1
IMG4184_5,IMG3048_3,IMG3831_2
IMG3230_5,IMG3097_3,IMG3458_3
IMG3108_5,IMG3580_1,IMG3028_3
IMG3202_2,IMG3866_5,IMG2945_4
IMG2834_4,IMG3735_2,IMG4228_5
IMG3284_1,IMG3826_1,IMG3266_5
IMG3043_2,IMG4138_2,IMG3903_5
IMG3601_1,IMG4202_3,IMG2806_5
IMG3958_2,IMG4084_4,IMG3095_2
IMG3912_3,IMG3257_2,IMG3929_5
IMG3768_5,IMG3441_1,IMG3557_4
IMG3598_2,IMG3347_1,IMG3497_4
IMG3464_3,IMG3422_3,IMG3226_4
IMG4061_3,IMG3386_1,IMG3702_1
IMG3474_1,IMG3318_3,IMG3305_4
IMG3567_3,IMG3725_3,IMG4218_1
IMG3615_5,IMG3628_1,IMG4013_4
IMG3426_2,IMG4004_4,IMG3888_2
IMG4069_4,IMG3120_1,IMG3963_1
IMG3897_1,IMG3432_3,IMG3369_4
IMG3126_1,IMG3377_2,IMG3121_2
IMG4237_4,IMG3831_1,IMG3491_3
IMG3278_5,IMG3343_2,IMG4105_3
IMG3953_1,IMG4231_2,IMG3402_1
IMG3177_2,IMG3667_2,IMG3971_3
IMG3920_5,IMG3070_2,IMG3653_4
IMG3393_5,IMG4138_1,IMG3179_3
IMG3949_2,IMG3406_5,IMG3949_1
IMG4164_5,IMG3321_5,IMG2761_2
IMG3089_5,IMG3476_2,IMG3757_5
IMG3254_3,IMG3770_4,IMG3108_4
IMG3283_1,IMG4139_4,IMG2870_4
IMG4227_5,IMG3302_2,IMG3246_2
IMG4150_2,IMG2897_1,IMG2959_4
IMG3532_1,IMG3881_2,IMG3705_3
IMG3657_3,IMG3124_5,IMG3204_5
IMG3432_5,IMG2970_2,IMG4212_3
IMG2874_1,IMG3418_1,IMG4127_2
IMG3519_4,IMG4088_1,IMG3073_3
IMG2994_5,IMG3007_2,IMG2772_2
IMG3031_5,IMG3233_2,IMG2916_2
IMG3321_2,IMG3854_2,IMG3142_5
IMG4084_4,IMG3240_5,IMG3318_4
IMG3916_2,IMG3354_1,IMG3949_4
IMG3019_5,IMG2916_3,IMG3006_2
IMG3973_2,IMG3711_5,IMG3228_4
IMG3828_2,IMG4234_4,IMG4039_3
IMG3342_1,IMG3484_3,IMG3321_4
IMG2855_2,IMG3246_3,IMG3286_2
IMG2919_3,IMG3085_2,IMG3124_1
IMG3801_1,IMG2819_1,IMG4026_5
IMG3832_5,IMG2825_3,IMG3948_5
IMG3500_4,IMG3231_5,IMG3583_3
IMG4086_1,IMG3867_2,IMG4167_2
IMG4154_1,IMG3965_4,IMG3740_4
IMG3181_2,IMG3802_3,IMG3181_3
IMG4173_4,IMG3061_1,IMG3620_1
IMG3403_2,IMG4180_3,IMG3301_5
IMG3890_4,IMG3578_2,IMG2972_4
IMG3454_4,IMG3454_5,IMG4208_5
IMG3243_5,IMG3047_1,IMG3122_1
IMG3108_1,IMG3313_1,IMG3621_5
IMG3887_1,IMG2932_5,IMG3148_5
IMG3778_2,IMG3383_1,IMG2872_5
IMG4120_5,IMG3116_2,IMG3960_1
IMG4063_1,IMG2929_2,IMG2779_1
IMG4013_1,IMG4080_4,IMG3680_1
IMG4128_5,IMG3607_2,IMG3149_5
IMG4154_1,IMG3250_4,IMG3138_4
IMG3706_2,IMG2899_3,IMG2806_2
IMG2781_3,IMG2788_2,IMG2782_3
IMG3164_2,IMG3803_4,IMG3929_1
IMG3507_3,IMG4017_3,IMG2922_5
IMG4044_5,IMG3314_5,IMG3285_5
IMG3789_2,IMG3046_5,IMG3646_4
IMG2855_2,IMG3286_2,IMG3059_4
IMG4138_2,IMG3393_1,IMG4068_5
IMG3649_5,IMG3219_3,IMG3134_3
IMG2971_2,IMG3776_4,IMG2967_1
IMG3089_1,IMG2771_4,IMG2909_5
IMG4025_4,IMG3878_2,IMG4025_3
IMG2792_2,IMG3423_5,IMG3757_5
IMG3675_1,IMG3222_3,IMG3554_2
IMG3416_1,IMG3338_3,IMG3971_3
IMG3217_1,IMG3785_5,IMG3970_1
IMG4218_1,IMG4016_3,IMG2758_1
IMG3127_3,IMG3297_4,IMG3950_5
IMG3855_3,IMG3380_4,IMG3161_4
IMG2924_1,IMG3028_5,IMG3500_1
IMG2803_2,IMG4207_4,IMG2844_1
IMG2919_3,IMG2996_5,IMG3124_1
IMG3146_3,IMG3990_4,IMG3657_3
IMG4045_4,IMG3828_3,IMG3912_2
IMG3731_1,IMG3916_2,IMG3031_1
IMG3898_4,IMG2914_2,IMG3898_5
IMG3430_3,IMG2903_3,IMG3534_3
IMG3913_5,IMG3064_3,IMG3832_2
IMG3889_4,IMG3674_4,IMG3139_1
IMG3426_4,IMG2860_2,IMG3926_2
IMG3778_5,IMG3661_4,IMG3361_5
IMG3781_4,IMG3069_4,IMG3413_5
IMG2905_2,IMG2900_2,IMG3000_5
IMG2988_3,IMG4146_3,IMG2986_2
IMG3743_2,IMG3669_2,IMG3481_2
IMG3691_1,IMG3631_3,IMG2880_2
IMG3885_5,IMG3520_2,IMG3296_1
IMG4063_2,IMG3073_1,IMG3818_3
IMG2765_4,IMG4207_2,IMG3037_5
IMG3634_2,IMG3342_5,IMG3380_3
IMG3422_3,IMG3464_3,IMG3838_3
IMG3239_4,IMG3467_1,IMG4179_3
IMG3031_3,IMG3233_5,IMG3149_2
IMG3337_2,IMG3874_2,IMG3541_2
IMG3442_4,IMG3082_3,IMG4053_3
IMG3177_2,IMG3155_2,IMG3416_1
IMG2959_4,IMG3793_3,IMG3182_1
IMG4177_3,IMG2877_2,IMG4231_4
IMG4131_1,IMG3974_3,IMG3161_5
IMG3699_2,IMG2804_4,IMG2759_3
IMG2907_2,IMG3884_2,IMG3955_4
IMG2852_4,IMG2852_1,IMG3957_4
IMG4063_3,IMG2960_3,IMG2872_4
IMG3632_2,IMG2906_1,IMG3301_3
IMG3488_4,IMG3684_1,IMG3529_3
IMG3630_5,IMG3085_2,IMG3879_2
IMG4219_5,IMG3178_4,IMG3896_5
IMG3967_4,IMG3455_5,IMG3623_3
IMG3330_1,IMG4179_5,IMG3330_5
IMG3393_5,IMG4138_1,IMG3046_4
IMG3338_1,IMG3667_4,IMG3772_3
IMG3857_1,IMG3051_1,IMG3266_4
IMG3484_3,IMG4033_1,IMG4157_1
IMG2977_4,IMG4158_2,IMG3276_5
IMG3100_5,IMG4228_1,IMG3749_2
IMG4216_2,IMG3100_5,IMG4092_3
IMG2841_4,IMG3637_1,IMG3553_3
IMG3628_2,IMG4234_5,IMG3493_2
IMG3536_3,IMG3939_3,IMG2792_1
IMG3571_1,IMG3489_3,IMG3304_2
IMG3598_2,IMG3497_4,IMG4017_5
IMG4121_3,IMG3577_3,IMG3505_3
IMG3233_2,IMG3616_5,IMG3809_3
IMG2897_2,IMG3484_1,IMG4194_3
IMG3140_1,IMG3985_4,IMG2945_2
IMG3109_4,IMG3605_4,IMG4093_4
IMG3208_3,IMG3706_4,IMG2838_5
IMG4224_3,IMG4179_5,IMG4004_1
IMG4206_2,IMG4240_5,IMG2879_1
IMG4162_4,IMG3019_5,IMG3193_5
IMG4225_4,IMG3432_4,IMG3113_4
IMG3305_1,IMG4116_1,IMG3675_5
IMG3226_3,IMG3660_2,IMG3957_4
IMG3873_2,IMG4037_1,IMG2878_2
IMG4209_2,IMG3251_4,IMG3606_1
IMG3798_3,IMG3974_3,IMG3373_3
IMG3992_5,IMG3194_3,IMG3042_1
IMG3101_5,IMG3403_2,IMG3223_5
IMG3633_3,IMG4103_3,IMG3645_2
IMG3697_3,IMG3036_3,IMG2838_5
IMG3328_4,IMG2921_4,IMG3536_4
IMG2880_5,IMG3383_2,IMG4144_2
IMG3925_1,IMG2967_1,IMG3175_3
IMG3741_4,IMG3478_5,IMG3225_1
IMG3875_2,IMG4062_1,IMG3898_5
IMG3505_5,IMG2769_5,IMG3484_3
IMG3266_5,IMG3426_5,IMG3786_3
IMG2773_4,IMG3461_2,IMG3305_4
IMG3723_4,IMG2997_5,IMG3329_2
IMG2929_2,IMG2943_1,IMG4104_5
IMG3163_1,IMG3268_3,IMG2767_1
IMG2747_5,IMG2978_2,IMG2747_1
IMG3282_1,IMG3693_3,IMG4030_2
IMG3088_2,IMG3723_2,IMG3160_4
IMG3277_1,IMG4038_1,IMG4112_1
IMG4055_3,IMG3763_2,IMG2832_4
IMG3134_3,IMG3809_1,IMG2874_5
IMG3331_5,IMG3500_4,IMG3434_1
IMG3142_4,IMG4112_5,IMG2868_1
IMG3917_4,IMG3191_3,IMG3255_1
IMG3968_1,IMG3769_1,IMG3267_4
IMG3037_5,IMG4207_2,IMG3019_2
IMG2852_2,IMG4029_3,IMG4029_4
IMG4135_4,IMG2851_4,IMG4206_2
IMG3920_5,IMG3734_5,IMG3490_5
IMG3955_2,IMG4108_5,IMG3246_3
IMG2805_3,IMG2760_3,IMG3661_4
IMG4120_2,IMG3585_1,IMG3300_1
IMG3165_4,IMG3120_1,IMG3220_3
IMG3586_2,IMG2798_3,IMG2851_2
IMG3934_4,IMG4105_4,IMG4187_4
IMG3506_1,IMG3269_4,IMG3881_4
IMG3716_5,IMG3045_2,IMG3045_3
IMG2871_3,IMG2771_4,IMG3172_3
IMG3697_4,IMG2755_1,IMG3777_5
IMG3528_5,IMG3372_5,IMG3455_1
IMG3615_1,IMG3002_2,IMG2979_4
IMG4111_5,IMG3334_1,IMG3545_4
IMG3898_1,IMG3875_2,IMG3482_2
IMG4143_2,IMG3968_2,IMG3102_4
IMG3092_3,IMG2763_3,IMG3117_5
IMG2932_3,IMG4213_3,IMG3377_2
IMG3406_5,IMG3077_1,IMG4187_1
IMG2851_4,IMG3030_2,IMG2837_4
IMG3116_5,IMG2773_3,IMG3845_2
IMG3772_3,IMG3581_2,IMG3338_3
IMG3630_1,IMG3870_4,IMG3063_5
IMG3357_1,IMG3117_5,IMG3385_1
IMG3352_1,IMG3004_1,IMG3761_1
IMG3442_5,IMG3985_4,IMG3082_3
IMG3598_2,IMG3497_4,IMG3532_2
IMG3083_2,IMG3668_4,IMG3712_5
IMG2782_3,IMG3081_4,IMG3299_5
IMG3697_5,IMG2879_4,IMG2993_2
IMG2790_2,IMG3652_2,IMG4082_3
IMG4231_5,IMG3655_2,IMG4231_2
IMG3809_3,IMG3273_5,IMG3233_2
IMG3052_2,IMG3530_4,IMG3707_2
IMG2755_3,IMG4064_1,IMG3351_3
IMG3034_4,IMG3442_3,IMG3619_4
IMG2973_3,IMG3985_2,IMG3233_3
IMG3962_2,IMG2854_5,IMG3700_4
IMG3570_2,IMG3238_2,IMG3206_1
IMG3498_3,IMG3747_2,IMG3178_1
IMG3662_5,IMG3202_1,IMG3518_2
IMG2844_1,IMG3010_4,IMG2816_5
IMG3370_4,IMG3939_3,IMG3438_3
IMG3706_2,IMG3187_4,IMG2975_1
IMG3483_2,IMG3589_1,IMG4223_1
IMG4181_2,IMG4092_4,IMG3283_5
IMG2759_3,IMG3623_3,IMG3720_1
IMG4033_1,IMG3505_5,IMG3545_4
IMG3936_1,IMG4177_4,IMG3845_2
IMG3688_4,IMG2863_2,IMG2783_4
IMG3026_3,IMG3609_1,IMG2884_4
IMG4074_3,IMG3931_4,IMG3623_3
IMG4078_5,IMG2999_3,IMG4051_1
IMG3205_5,IMG3963_3,IMG3828_1
IMG2792_4,IMG3328_1,IMG2921_2
IMG4180_5,IMG4010_5,IMG3425_2
IMG3558_4,IMG4125_4,IMG4150_5
IMG3329_1,IMG2873_4,IMG4168_3
IMG3182_2,IMG3472_2,IMG3406_4
IMG3494_4,IMG2774_2,IMG3544_2
IMG3579_5,IMG2945_2,IMG3966_1
IMG3469_2,IMG2992_4,IMG3328_1
IMG3242_1,IMG2895_1,IMG2835_5
IMG3634_2,IMG3342_5,IMG3854_5
IMG2936_3,IMG3725_1,IMG2868_4
IMG2903_4,IMG3173_1,IMG3073_2
IMG3960_5,IMG3235_4,IMG4067_5
IMG3899_4,IMG4209_5,IMG4240_2
IMG3864_2,IMG3554_5,IMG3901_1
IMG3441_5,IMG3348_5,IMG3066_3
IMG4091_1,IMG2884_4,IMG3876_3
IMG3845_3,IMG3554_5,IMG3864_2
IMG4147_2,IMG3321_4,IMG4164_1
IMG3996_5,IMG2881_2,IMG3991_2
IMG3875_3,IMG3898_1,IMG2914_3
IMG3985_1,IMG2853_3,IMG3037_3
IMG2940_4,IMG3586_5,IMG2932_4
IMG3790_5,IMG4124_5,IMG3240_4
IMG2977_2,IMG3902_1,IMG3852_3
IMG3924_4,IMG2914_3,IMG3069_1
IMG3973_3,IMG3959_1,IMG4222_3
IMG3623_3,IMG3161_4,IMG3276_2
IMG3835_2,IMG3471_5,IMG3470_4
IMG3621_4,IMG3861_3,IMG4172_1
IMG3865_2,IMG3051_1,IMG2940_3
IMG3193_4,IMG3456_1,IMG3140_4
IMG3860_5,IMG3577_2,IMG3242_4
IMG3148_4,IMG3976_1,IMG2776_1
IMG4241_2,IMG2907_4,IMG3822_3
IMG3208_3,IMG3981_2,IMG3646_1
IMG3021_5,IMG3001_4,IMG3021_1
IMG3510_2,IMG4174_1,IMG2959_2
IMG3368_5,IMG3183_2,IMG3104_2
IMG3562_2,IMG2926_2,IMG3876_1
IMG2778_2,IMG3504_2,IMG3604_2
IMG3445_5,IMG3712_5,IMG4143_1
IMG3770_3,IMG3324_5,IMG4065_3
IMG3847_1,IMG2886_3,IMG3567_3
IMG2846_2,IMG2865_4,IMG3529_2
IMG3890_3,IMG3149_2,IMG3074_5
IMG3079_2,IMG4131_1,IMG3111_4
IMG4170_5,IMG3044_4,IMG3038_5
IMG2774_2,IMG3623_3,IMG3699_2
IMG3344_3,IMG2847_2,IMG3172_5
IMG4015_4,IMG3577_3,IMG2858_1
IMG3716_1,IMG2998_1,IMG3075_5
IMG3383_3,IMG3919_2,IMG4197_3
IMG4199_1,IMG4219_2,IMG2821_3
IMG4039_5,IMG2999_5,IMG3074_5
IMG3871_2,IMG2824_2,IMG3682_5
IMG3783_5,IMG3358_3,IMG3782_2
IMG2918_4,IMG3945_4,IMG4160_5
IMG2768_2,IMG2884_3,IMG3125_4
IMG3966_1,IMG4053_2,IMG3921_3
IMG3676_1,IMG3889_5,IMG4084_4
IMG2845_4,IMG3672_1,IMG3042_5
IMG2766_2,IMG3846_2,IMG3064_3
IMG3699_4,IMG3065_1,IMG3076_2
IMG3362_2,IMG3600_1,IMG3992_2
IMG3146_3,IMG3786_3,IMG3146_2
IMG3679_4,IMG4166_5,IMG3148_5
IMG3245_5,IMG3663_1,IMG3841_3
IMG3318_3,IMG3474_1,IMG3909_1
IMG4162_4,IMG3038_2,IMG4088_1
IMG3035_4,IMG3875_4,IMG3875_3
IMG3493_1,IMG2878_3,IMG3160_1
IMG3100_5,IMG3623_3,IMG3622_5
IMG2762_4,IMG3235_3,IMG3554_3
IMG3177_3,IMG3338_5,IMG3971_1
IMG3454_5,IMG3940_3,IMG3454_4
IMG3312_1,IMG3209_3,IMG3523_2
IMG3582_4,IMG3984_1,IMG3249_5
IMG3770_4,IMG3325_3,IMG3500_2
IMG3342_5,IMG3634_2,IMG3783_5
IMG4151_2,IMG3814_4,IMG4233_5
IMG3978_1,IMG2977_5,IMG3185_5
IMG3905_1,IMG3104_1,IMG3696_3
IMG3123_1,IMG4193_2,IMG3840_2
IMG4065_1,IMG2924_4,IMG3617_3
IMG3959_2,IMG3111_5,IMG3384_3
IMG3513_5,IMG3215_4,IMG3357_4
IMG4024_4,IMG3507_2,IMG4024_3
IMG3589_5,IMG2966_5,IMG2834_2
IMG2807_5,IMG3202_1,IMG2889_1
IMG3235_5,IMG3104_3,IMG3792_2
IMG4109_5,IMG3534_4,IMG3357_3
IMG3793_5,IMG3559_3,IMG3767_3
IMG3361_3,IMG3946_4,IMG3355_1
IMG3070_3,IMG3712_4,IMG3712_5
IMG3129_1,IMG4088_3,IMG3374_2
IMG2942_2,IMG3404_1,IMG2785_2
IMG3964_3,IMG4044_3,IMG4096_3
IMG3670_3,IMG3022_4,IMG3950_5
IMG4042_4,IMG4168_2,IMG3719_1
IMG3055_1,IMG3113_4,IMG3100_5
IMG3034_1,IMG2969_1,IMG3248_5
IMG3219_2,IMG3551_2,IMG3649_3
IMG2827_4,IMG3764_1,IMG2972_5
IMG3160_3,IMG2757_2,IMG2977_2
IMG3929_1,IMG3818_2,IMG4205_5
IMG3440_4,IMG3724_2,IMG4088_3
IMG3703_2,IMG3620_5,IMG3703_1
IMG3187_2,IMG4166_1,IMG3531_5
IMG3462_5,IMG2766_4,IMG3882_2
IMG3313_3,IMG3203_4,IMG2835_2
IMG3004_4,IMG4150_3,IMG3761_3
IMG3735_2,IMG4228_5,IMG3632_2
IMG3196_5,IMG3125_4,IMG3816_5
IMG3024_2,IMG4021_5,IMG3935_3
IMG3102_1,IMG3206_3,IMG3088_5
IMG3878_5,IMG2744_5,IMG3878_4
IMG3305_4,IMG3318_3,IMG2856_4
IMG3002_4,IMG3267_3,IMG3419_1
IMG3802_3,IMG3766_2,IMG2764_5
IMG3015_3,IMG3763_2,IMG3866_5
IMG3303_5,IMG3629_5,IMG2965_5
IMG4241_5,IMG4234_4,IMG3037_5
IMG4121_3,IMG2746_4,IMG3618_2
IMG3429_1,IMG4234_1,IMG3628_5
IMG4110_1,IMG2772_2,IMG2857_1
IMG3149_3,IMG2827_3,IMG3571_3
IMG3609_1,IMG2851_4,IMG3285_5
IMG2930_3,IMG3794_3,IMG4240_1
IMG2806_3,IMG2870_4,IMG3048_4
IMG3684_1,IMG3434_1,IMG2955_1
IMG2748_5,IMG3103_5,IMG3729_3
IMG2997_1,IMG4200_3,IMG4104_3
IMG3061_3,IMG2864_2,IMG3620_4
IMG3336_4,IMG2918_1,IMG3182_1
IMG4126_3,IMG3505_5,IMG2966_5
